Orphaned Param.,
355173846,Failure
353665757,No Failure
356158108,No Failure
356343497,Failure
355745123,Failure
354423023,Failure
356806317,Not Executed
354980178,Failure
356510398,No Failure
355058494,No Failure
Missing Loop Sensing,
356069697,No Failure
356417760,No Failure
355775156,No Failure
354393414,No Failure
354211632,Failure
356154121,False Positive
350983442,Failure
355700146,Failure
356316593,Not Executed
347484519,No Failure
Recursive Cloning,
356473564,False Positive
355973926,Not Executed
355125313,Not Executed
353755720,Failure
357099400,No Failure
337237024,False Positive
356076731,No Failure
357296391,No Failure
355642317,No Failure
324282589,No Failure
Msg. Never Sent,
355738348,Failure
356461265,Failure
356082747,Not Executed
355695853,Not Executed
353935612,Failure
356482182,No Failure
348464002,Failure
356468971,No Failure
355730806,No Failure
356064998,No Failure
Missing Term.,
355756081,Failure
353619804,No Failure
356218088,No Failure
345835340,No Failure
356072033,No Failure
354717222,No Failure
355701666,No Failure
356186926,Not Executed
357194029,No Failure
356469666,No Failure
Ambiguous Param. Name,
356691954,Not Executed
356047694,Not Executed
354095049,Not Executed
356155745,No Failure
352366641,Failure
354069490,Not Executed
356173302,Not Executed
356187062,Failure
357089241,Failure
356960187,Not Executed
Msg. Never Rec.,
356247102,No Failure
355070766,No Failure
356768107,Not Executed
356064377,Failure
356263987,No Failure
354244978,No Failure
353760030,Failure
349901186,Failure
355730607,No Failure
354417998,Not Executed
Stuttering Move.,
356383938,Failure
341550533,Failure
357251217,Failure
357306572,Failure
354035245,Failure
355775061,Failure
345094290,Failure
356134739,Failure
357058225,Failure
355072018,Failure
Missing Pen Up,
356159261,No Failure
357208635,No Failure
357720809,No Failure
357039868,No Failure
355078272,No Failure
357441736,Not Executed
347053945,Failure
354051827,Not Executed
356111934,No Failure
356735055,No Failure
No Working Scripts,
356515333,No Failure
355732677,Failure
354474334,Not Executed
356486096,Failure
355672745,Not Executed
338773343,No Failure
354142825,Not Executed
356037572,No Failure
355088178,No Failure
356079541,No Failure
Missing Pen Down,
356511276,No Failure
357072014,No Failure
356316611,No Failure
356511178,No Failure
350135563,No Failure
354880414,No Failure
356104364,No Failure
354401606,No Failure
356756923,No Failure
356418530,No Failure
Missing Clone Initialization,
356343284,No Failure
354912260,Failure
355104016,No Failure
348981491,No Failure
352248618,False Positive
357072375,False Positive
356137705,False Positive
358758696,No Failure
354088627,False Positive
356058181,No Failure
CB With Term.,
357233498,No Failure
357124900,False Positive
353154935,False Positive
315719678,False Positive
356435620,False Positive
355264172,False Positive
356652877,False Positive
356396773,False Positive
345426533,False Positive
357103126,False Positive
Forever Inside Loop,
352652352,No Failure
356170894,No Failure
355958710,No Failure
355163745,Failure
356404454,No Failure
356140792,Failure
355097802,Failure
355728402,No Failure
356120730,Failure
314386711,Failure
Pos. Equals Check,
356370876,No Failure
356158195,No Failure
358705987,No Failure
356259416,No Failure
331492483,No Failure
355711367,No Failure
351542925,No Failure
357350205,No Failure
356802162,No Failure
356145810,No Failure
Endless Recursion,
335388366,Not Executed
355970187,False Positive
354734468,Not Executed
354385762,Not Executed
354079745,No Failure
351672377,Not Executed
354162064,No Failure
354444023,Failure
354087099,No Failure
342628490,Failure
Param. Out Of Scope,
356315919,Not Executed
356443248,Not Executed
355080096,Not Executed
354023320,Failure
356365013,Not Executed
356311431,Not Executed
356305707,Failure
354407462,Not Executed
356491895,Failure
354459228,Not Executed
Missing Clone Call,
350904584,No Failure
356431571,Failure
356728428,Not Executed
349808056,Failure
354088185,No Failure
356226146,Not Executed
358711761,No Failure
353753583,Failure
356163530,No Failure
354291455,Failure
Ambiguous CB Sig.,
356405354,Not Executed
356401697,Failure
356376963,Not Executed
354469469,Failure
356844802,Failure
356385816,No Failure
354083772,No Failure
356168307,Failure
352464647,No Failure
354080671,Not Executed
Missing Erase All,
356417605,False Positive
356246789,No Failure
356496621,False Positive
356187504,Failure
356697077,No Failure
354214512,Failure
354068567,False Positive
355707726,Failure
354383267,False Positive
356287446,False Positive
Expr As T. or C.,
356429270,Failure
356397181,False Positive
356397129,False Positive
351761898,False Positive
355774143,False Positive
356253247,False Positive
355137400,False Positive
353982864,False Positive
354114244,False Positive
356487868,False Positive
CB With Forever,
354386356,No Failure
356080285,Failure
356190642,No Failure
355171529,No Failure
355730940,Not Executed
354469469,Not Executed
354173072,Failure
351170982,No Failure
356115845,No Failure
357109277,False Positive
Call Without Def.,
350983442,Failure
356241782,No Failure
356144401,Failure
353697184,Not Executed
353254750,Not Executed
314386711,Failure
350801858,No Failure
356302299,Failure
355944174,Not Executed
354802858,No Failure
Missing Backdrop Switch,
354424427,Failure
356280975,Failure
356315075,Failure
356371222,Failure
357970707,No Failure
355644730,Failure
350747703,Failure
358691865,Not Executed
354677938,Not Executed
356093788,Failure
Comparing Literals,
356946418,Not Executed
349843825,Not Executed
341417859,Not Executed
73189568,Not Executed
356964566,Not Executed
354470209,Failure
356412138,Not Executed
356198710,Not Executed
356456711,Not Executed
356339526,Not Executed